Exp,Site,Hole,Core,Type,Sect,Top(cm),Depth CSF-A (m),NGR total counts (cps)
372,U1517,B,1,H,1,0,0,19.778
372,U1517,B,1,H,1,10,0.1,21.173
372,U1517,B,1,H,1,20,0.2,22.255
372,U1517,B,1,H,1,30,0.3,24.738
372,U1517,B,1,H,1,40,0.4,25.37
372,U1517,B,1,H,1,50,0.5,25.367
372,U1517,B,1,H,1,60,0.6,26.88
372,U1517,B,1,H,1,70,0.7,26.817
372,U1517,B,1,H,1,80,0.8,27.664
372,U1517,B,1,H,1,90,0.9,27.284
372,U1517,B,1,H,1,100,1,28.679
372,U1517,B,1,H,1,110,1.1,29.265
372,U1517,B,1,H,1,120,1.2,29.425
372,U1517,B,1,H,1,130,1.3,29.832
372,U1517,B,1,H,1,140,1.4,28.228
372,U1517,B,1,H,1,150,1.5,28.56
372,U1517,B,1,H,2,0,1.5,32.742
372,U1517,B,1,H,2,10,1.6,31.224
372,U1517,B,1,H,2,20,1.7,31.328
372,U1517,B,1,H,2,30,1.8,32.755
372,U1517,B,1,H,2,40,1.9,34.243
372,U1517,B,1,H,2,50,2,37.067
372,U1517,B,1,H,2,60,2.1,40.01
372,U1517,B,1,H,2,70,2.2,40.607
372,U1517,B,1,H,2,80,2.3,42.161
372,U1517,B,1,H,2,90,2.4,42.094
372,U1517,B,1,H,2,100,2.5,43.075
372,U1517,B,1,H,2,110,2.6,43.702
372,U1517,B,1,H,2,120,2.7,41.435
372,U1517,B,1,H,2,130,2.8,38.65
372,U1517,B,1,H,2,140,2.9,34.939
372,U1517,B,1,H,3,0,3,38.867
372,U1517,B,1,H,3,10,3.1,35.677
372,U1517,B,1,H,3,20,3.2,31.998
372,U1517,B,1,H,3,30,3.3,36.751
372,U1517,B,1,H,3,40,3.4,37.623
372,U1517,B,1,H,3,50,3.5,36.07
372,U1517,B,1,H,3,60,3.6,39.47
372,U1517,B,1,H,3,70,3.7,41.52
372,U1517,B,1,H,3,80,3.8,42.071
372,U1517,B,1,H,3,90,3.9,41.811
372,U1517,B,1,H,3,100,4,42.689
372,U1517,B,1,H,3,110,4.1,43.962
372,U1517,B,1,H,3,120,4.2,42.712
372,U1517,B,1,H,3,130,4.3,41.189
372,U1517,B,1,H,3,140,4.4,37.721
372,U1517,B,1,H,3,150,4.5,39.447
372,U1517,B,1,H,4,0,4.5,45.233
372,U1517,B,1,H,4,10,4.6,43.547
372,U1517,B,1,H,4,20,4.7,43.041
372,U1517,B,1,H,4,30,4.8,44.261
372,U1517,B,1,H,4,40,4.9,44.09
372,U1517,B,1,H,4,50,5,42.877
372,U1517,B,1,H,4,60,5.1,44.75
372,U1517,B,1,H,4,70,5.2,43.82
372,U1517,B,1,H,4,80,5.3,44.464
372,U1517,B,1,H,4,90,5.4,45.184
372,U1517,B,1,H,4,100,5.5,43.929
372,U1517,B,1,H,4,110,5.6,42.382
372,U1517,B,1,H,4,120,5.7,41.795
372,U1517,B,1,H,4,130,5.8,41.961
372,U1517,B,1,H,4,140,5.9,38.222
372,U1517,B,1,H,5,0,6,43.671
372,U1517,B,1,H,5,10,6.1,41.86
372,U1517,B,1,H,5,20,6.2,42.635
372,U1517,B,1,H,5,30,6.3,41.805
372,U1517,B,1,H,5,40,6.4,40.85
372,U1517,B,1,H,5,50,6.5,40.97
372,U1517,B,1,H,5,60,6.6,42.204
372,U1517,B,1,H,5,70,6.7,43.134
372,U1517,B,1,H,5,80,6.8,43.261
372,U1517,B,1,H,5,90,6.9,42.091
372,U1517,B,1,H,5,100,7,42.689
372,U1517,B,1,H,5,110,7.1,44.605
372,U1517,B,1,H,5,120,7.2,43.989
372,U1517,B,1,H,5,130,7.3,42.479
372,U1517,B,1,H,5,140,7.4,40.646
372,U1517,B,1,H,5,150,7.5,43.887
372,U1517,B,1,H,6,0,7.5,42.079
372,U1517,B,1,H,6,10,7.6,41.936
372,U1517,B,1,H,6,20,7.7,40.238
372,U1517,B,1,H,6,30,7.8,40.891
372,U1517,B,1,H,6,40,7.9,41.76
372,U1517,B,1,H,6,50,8,42.107
372,U1517,B,1,H,6,60,8.1,43.41
372,U1517,B,1,H,6,70,8.2,42.057
372,U1517,B,1,H,6,80,8.3,41.164
372,U1517,B,1,H,6,90,8.4,41.417
372,U1517,B,1,H,6,100,8.5,41.144
372,U1517,B,1,H,7,0,8.51,42.217
372,U1517,B,1,H,7,10,8.61,40.553
372,U1517,B,1,H,7,20,8.71,37.435
372,U1517,B,1,H,7,30,8.81,38.301
372,U1517,B,1,H,7,40,8.91,39.243
372,U1517,B,1,H,7,50,9.01,39.847
372,U1517,C,1,H,1,0,0,20.955
372,U1517,C,1,H,1,10,0.1,19.615
372,U1517,C,1,H,1,20,0.2,21.431
372,U1517,C,1,H,1,30,0.3,24.005
372,U1517,C,1,H,1,40,0.4,24.563
372,U1517,C,1,H,1,50,0.5,25.37
372,U1517,C,1,H,1,60,0.6,26.244
372,U1517,C,1,H,1,70,0.7,26.95
372,U1517,C,1,H,1,80,0.8,26.271
372,U1517,C,1,H,1,90,0.9,26.761
372,U1517,C,1,H,1,100,1,26.762
372,U1517,C,1,H,1,110,1.1,28.039
372,U1517,C,1,H,1,120,1.2,27.805
372,U1517,C,1,H,1,130,1.3,28.269
372,U1517,C,1,H,1,140,1.4,27.107
372,U1517,C,1,H,2,0,1.5,30.721
372,U1517,C,1,H,2,10,1.6,28.032
372,U1517,C,1,H,2,20,1.7,29.751
372,U1517,C,1,H,2,30,1.8,28.938
372,U1517,C,1,H,2,40,1.9,28.797
372,U1517,C,1,H,2,50,2,29.26
372,U1517,C,1,H,2,60,2.1,30.727
372,U1517,C,1,H,2,70,2.2,32.78
372,U1517,C,1,H,2,80,2.3,33.048
372,U1517,C,1,H,2,90,2.4,30.958
372,U1517,C,1,H,2,100,2.5,32.492
372,U1517,C,1,H,2,110,2.6,33.859
372,U1517,C,1,H,2,120,2.7,35.932
372,U1517,C,1,H,2,130,2.8,36.939
372,U1517,C,1,H,2,140,2.9,36.112
372,U1517,C,1,H,2,150,3,36.624
372,U1517,C,1,H,3,0,3,40.386
372,U1517,C,1,H,3,10,3.1,38.725
372,U1517,C,1,H,3,20,3.2,39.665
372,U1517,C,1,H,3,30,3.3,36.525
372,U1517,C,1,H,3,40,3.4,35.623
372,U1517,C,1,H,3,50,3.5,36.34
372,U1517,C,1,H,3,60,3.6,35.39
372,U1517,C,1,H,3,70,3.7,36.097
372,U1517,C,1,H,3,80,3.8,37.024
372,U1517,C,1,H,3,90,3.9,38.158
372,U1517,C,1,H,3,100,4,38.832
372,U1517,C,1,H,3,110,4.1,40.429
372,U1517,C,1,H,3,120,4.2,38.792
372,U1517,C,1,H,3,130,4.3,37.803
372,U1517,C,1,H,3,140,4.4,34.754
372,U1517,C,1,H,4,0,4.5,41.483
372,U1517,C,1,H,4,10,4.6,40.792
372,U1517,C,1,H,4,20,4.7,39.895
372,U1517,C,1,H,4,30,4.8,42.585
372,U1517,C,1,H,4,40,4.9,41.55
372,U1517,C,1,H,4,50,5,42.07
372,U1517,C,1,H,4,60,5.1,43.66
372,U1517,C,1,H,4,70,5.2,43.636
372,U1517,C,1,H,4,80,5.3,44.202
372,U1517,C,2,H,1,0,5.7,35.089
372,U1517,C,2,H,1,10,5.8,34.469
372,U1517,C,2,H,1,20,5.9,34.025
372,U1517,C,2,H,1,30,6,34.188
372,U1517,C,2,H,1,40,6.1,35.847
372,U1517,C,2,H,1,50,6.2,36.503
372,U1517,C,2,H,1,60,6.3,39.434
372,U1517,C,2,H,1,70,6.4,39.877
372,U1517,C,2,H,1,80,6.5,41.328
372,U1517,C,2,H,1,90,6.6,41.164
372,U1517,C,2,H,1,100,6.7,42.065
372,U1517,C,2,H,1,110,6.8,41.729
372,U1517,C,2,H,1,120,6.9,40.259
372,U1517,C,2,H,1,130,7,40.512
372,U1517,C,2,H,1,140,7.1,39.288
372,U1517,C,2,H,1,150,7.2,39.073
372,U1517,C,2,H,2,0,7.2,44.448
372,U1517,C,2,H,2,10,7.3,40.724
372,U1517,C,2,H,2,20,7.4,40.031
372,U1517,C,2,H,2,30,7.5,41.085
372,U1517,C,2,H,2,40,7.6,41.803
372,U1517,C,2,H,2,50,7.7,41.627
372,U1517,C,2,H,2,60,7.8,40.827
372,U1517,C,2,H,2,70,7.9,42.097
372,U1517,C,2,H,2,80,8,41.328
372,U1517,C,2,H,2,90,8.1,39.978
372,U1517,C,2,H,2,100,8.2,41.685
372,U1517,C,2,H,2,110,8.3,41.719
372,U1517,C,2,H,2,120,8.4,41.319
372,U1517,C,2,H,2,130,8.5,42.661
372,U1517,C,2,H,2,140,8.6,37.267
372,U1517,C,2,H,3,0,8.7,37.523
372,U1517,C,2,H,3,10,8.8,38.679
372,U1517,C,2,H,3,20,8.9,38.655
372,U1517,C,2,H,3,30,9,41.408
372,U1517,C,2,H,3,40,9.1,41.237
372,U1517,C,2,H,3,50,9.2,41.883
372,U1517,C,2,H,3,60,9.3,42.317
372,U1517,C,2,H,3,70,9.4,41.697
372,U1517,C,2,H,3,80,9.5,41.428
372,U1517,C,2,H,3,90,9.6,41.968
372,U1517,C,2,H,3,100,9.7,43.942
372,U1517,C,2,H,3,110,9.8,44.335
372,U1517,C,2,H,3,120,9.9,43.389
372,U1517,C,2,H,3,130,10,42.614
372,U1517,C,2,H,3,140,10.1,36.62
372,U1517,C,2,H,4,0,10.2,41.222
372,U1517,C,2,H,4,10,10.3,41.864
372,U1517,C,2,H,4,20,10.4,42.628
372,U1517,C,2,H,4,30,10.5,43.225
372,U1517,C,2,H,4,40,10.6,42.247
372,U1517,C,2,H,4,50,10.7,43.227
372,U1517,C,2,H,4,60,10.8,43.874
372,U1517,C,2,H,4,70,10.9,44.03
372,U1517,C,2,H,4,80,11,43.914
372,U1517,C,2,H,4,90,11.1,44.518
372,U1517,C,2,H,4,100,11.2,46.072
372,U1517,C,2,H,4,110,11.3,45.699
372,U1517,C,2,H,4,120,11.4,45.242
372,U1517,C,2,H,4,130,11.5,45.125
372,U1517,C,2,H,4,140,11.6,43.989
372,U1517,C,2,H,4,150,11.7,42.823
372,U1517,C,2,H,5,0,11.7,46.919
372,U1517,C,2,H,5,10,11.8,44.44
372,U1517,C,2,H,5,20,11.9,45.271
372,U1517,C,2,H,5,30,12,46.251
372,U1517,C,2,H,5,40,12.1,45.013
372,U1517,C,2,H,5,50,12.2,44.95
372,U1517,C,2,H,5,60,12.3,45.91
372,U1517,C,2,H,5,70,12.4,46.947
372,U1517,C,2,H,5,80,12.5,46.298
372,U1517,C,2,H,5,90,12.6,46.754
372,U1517,C,2,H,5,100,12.7,47.112
372,U1517,C,2,H,5,110,12.8,47.839
372,U1517,C,2,H,5,120,12.9,45.805
372,U1517,C,2,H,5,130,13,48.247
372,U1517,C,2,H,5,140,13.1,42.576
372,U1517,C,2,H,6,0,13.2,44.375
372,U1517,C,2,H,6,10,13.3,45.314
372,U1517,C,2,H,6,20,13.4,46.091
372,U1517,C,2,H,6,30,13.5,46.121
372,U1517,C,2,H,6,40,13.6,46.08
372,U1517,C,2,H,6,50,13.7,46.477
372,U1517,C,2,H,6,60,13.8,48.267
372,U1517,C,2,H,6,70,13.9,47.647
372,U1517,C,2,H,6,80,14,47.391
372,U1517,C,2,H,6,90,14.1,46.988
372,U1517,C,2,H,6,100,14.2,47.005
372,U1517,C,2,H,6,110,14.3,46.651
372,U1517,C,2,H,6,120,14.4,45.457
372,U1517,C,2,H,7,0,14.5,47.231
372,U1517,C,2,H,7,10,14.6,46.127
372,U1517,C,2,H,7,20,14.7,46.381
372,U1517,C,2,H,7,30,14.8,47.415
372,U1517,C,2,H,7,40,14.9,45.547
372,U1517,C,2,H,7,50,15,45.938
372,U1517,C,2,H,7,60,15.1,44.276
372,U1517,C,3,F,1,0,15.2,42.581
372,U1517,C,3,F,1,10,15.3,42.426
372,U1517,C,3,F,1,20,15.4,44.198
372,U1517,C,3,F,1,30,15.5,45.031
372,U1517,C,3,F,1,40,15.6,44.12
372,U1517,C,3,F,1,50,15.7,43.93
372,U1517,C,3,F,1,60,15.8,46.06
372,U1517,C,3,F,1,70,15.9,44.874
372,U1517,C,3,F,1,80,16,45.384
372,U1517,C,3,F,1,90,16.1,45.311
372,U1517,C,3,F,1,100,16.2,46.042
372,U1517,C,3,F,1,110,16.3,45.715
372,U1517,C,3,F,1,120,16.4,45.749
372,U1517,C,3,F,1,130,16.5,45.361
372,U1517,C,3,F,1,140,16.6,41.134
372,U1517,C,3,F,2,0,16.7,44.942
372,U1517,C,3,F,2,10,16.8,45.367
372,U1517,C,3,F,2,20,16.9,45.955
372,U1517,C,3,F,2,30,17,46.655
372,U1517,C,3,F,2,40,17.1,45.13
372,U1517,C,3,F,2,50,17.2,44.733
372,U1517,C,3,F,2,60,17.3,47.014
372,U1517,C,3,F,2,70,17.4,46.767
372,U1517,C,3,F,2,80,17.5,47.111
372,U1517,C,3,F,2,90,17.6,46.454
372,U1517,C,3,F,2,100,17.7,47.615
372,U1517,C,3,F,2,110,17.8,46.452
372,U1517,C,3,F,2,120,17.9,46.342
372,U1517,C,3,F,2,130,18,45.759
372,U1517,C,3,F,2,140,18.1,43.879
372,U1517,C,3,F,2,150,18.2,42.837
372,U1517,C,3,F,3,0,18.2,47.834
372,U1517,C,3,F,3,10,18.3,46.237
372,U1517,C,3,F,3,20,18.4,44.718
372,U1517,C,3,F,3,30,18.5,46.758
372,U1517,C,3,F,3,40,18.6,44.85
372,U1517,C,3,F,3,50,18.7,46.797
372,U1517,C,3,F,3,60,18.8,45.867
372,U1517,C,3,F,3,70,18.9,45.944
372,U1517,C,3,F,3,80,19,46.474
372,U1517,C,3,F,3,90,19.1,46.011
372,U1517,C,3,F,3,100,19.2,45.455
372,U1517,C,3,F,3,110,19.3,41.504
372,U1517,C,3,F,4,0,19.4,44.702
372,U1517,C,3,F,4,10,19.5,45.489
372,U1517,C,3,F,4,20,19.6,45.438
372,U1517,C,3,F,4,30,19.7,45.521
372,U1517,C,3,F,4,40,19.8,44.386
372,U1517,C,3,F,4,50,19.9,43.835
372,U1517,C,4,F,1,0,19.9,38.548
372,U1517,C,4,F,1,10,20,38.269
372,U1517,C,4,F,1,20,20.1,41.255
372,U1517,C,4,F,1,30,20.2,43.928
372,U1517,C,4,F,1,40,20.3,44.47
372,U1517,C,4,F,1,50,20.4,42.587
372,U1517,C,4,F,1,60,20.5,44.644
372,U1517,C,4,F,1,70,20.6,46.254
372,U1517,C,4,F,1,80,20.7,47.538
372,U1517,C,4,F,1,90,20.8,46.051
372,U1517,C,4,F,1,100,20.9,46.209
372,U1517,C,4,F,1,110,21,45.902
372,U1517,C,4,F,1,120,21.1,44.869
372,U1517,C,4,F,1,130,21.2,45.211
372,U1517,C,4,F,1,140,21.3,38.544
372,U1517,C,4,F,2,0,21.4,46.759
372,U1517,C,4,F,2,10,21.5,45.2
372,U1517,C,4,F,2,20,21.6,44.585
372,U1517,C,4,F,2,30,21.7,45.875
372,U1517,C,4,F,2,40,21.8,44.877
372,U1517,C,4,F,2,50,21.9,45.417
372,U1517,C,4,F,2,60,22,46.737
372,U1517,C,4,F,2,70,22.1,47.37
372,U1517,C,4,F,2,80,22.2,47.444
372,U1517,C,4,F,2,90,22.3,46.981
372,U1517,C,4,F,2,100,22.4,47.449
372,U1517,C,4,F,2,110,22.5,46.819
372,U1517,C,4,F,2,120,22.6,46.208
372,U1517,C,4,F,2,130,22.7,43.733
372,U1517,C,4,F,3,0,22.7,49.28
372,U1517,C,4,F,3,10,22.8,45.143
372,U1517,C,4,F,3,20,22.9,45.751
372,U1517,C,4,F,3,30,23,46.965
372,U1517,C,4,F,3,40,23.1,46.147
372,U1517,C,4,F,3,50,23.2,46.313
372,U1517,C,4,F,3,60,23.3,46.774
372,U1517,C,4,F,3,70,23.4,46.107
372,U1517,C,4,F,3,80,23.5,46.484
372,U1517,C,4,F,3,90,23.6,45.034
372,U1517,C,4,F,3,100,23.7,46.788
372,U1517,C,4,F,3,110,23.8,47.389
372,U1517,C,4,F,4,0,23.92,45.066
372,U1517,C,4,F,4,10,24.02,45.303
372,U1517,C,4,F,4,20,24.12,45.108
372,U1517,C,4,F,4,30,24.22,44.598
372,U1517,C,4,F,4,40,24.32,43.326
372,U1517,C,4,F,4,50,24.42,45.601
372,U1517,C,5,F,1,0,24.6,38.141
372,U1517,C,5,F,1,10,24.7,37.71
372,U1517,C,5,F,1,20,24.8,38.541
372,U1517,C,5,F,1,30,24.9,38.108
372,U1517,C,5,F,1,40,25,38.76
372,U1517,C,5,F,1,50,25.1,39.753
372,U1517,C,5,F,1,60,25.2,41.714
372,U1517,C,5,F,1,70,25.3,41.73
372,U1517,C,5,F,1,80,25.4,42.764
372,U1517,C,5,F,1,90,25.5,44.124
372,U1517,C,5,F,1,100,25.6,45.542
372,U1517,C,5,F,1,110,25.7,43.692
372,U1517,C,5,F,1,120,25.8,42.999
372,U1517,C,5,F,1,130,25.9,43.452
372,U1517,C,5,F,1,140,26,40.342
372,U1517,C,5,F,2,0,26.1,42.05
372,U1517,C,5,F,2,10,26.2,41.4
372,U1517,C,5,F,2,20,26.3,38.825
372,U1517,C,5,F,2,30,26.4,35.775
372,U1517,C,5,F,2,40,26.5,37.68
372,U1517,C,5,F,2,50,26.6,39.183
372,U1517,C,5,F,2,60,26.7,38.79
372,U1517,C,5,F,2,70,26.8,40.447
372,U1517,C,5,F,2,80,26.9,40.334
372,U1517,C,5,F,2,90,27,39.828
372,U1517,C,5,F,2,100,27.1,42.509
372,U1517,C,5,F,2,110,27.2,42.055
372,U1517,C,5,F,2,120,27.3,42.25
372,U1517,C,5,F,2,130,27.4,40.908
372,U1517,C,5,F,3,0,27.58,42.457
372,U1517,C,5,F,3,10,27.68,42.202
372,U1517,C,5,F,3,20,27.78,41.445
372,U1517,C,5,F,3,30,27.88,40.891
372,U1517,C,5,F,3,40,27.98,40.173
372,U1517,C,5,F,3,50,28.08,41.41
372,U1517,C,5,F,3,60,28.18,42.134
372,U1517,C,5,F,3,70,28.28,40.23
372,U1517,C,5,F,3,80,28.38,39.251
372,U1517,C,5,F,3,90,28.48,38.274
372,U1517,C,5,F,3,100,28.58,38.661
372,U1517,C,5,F,3,110,28.68,38.038
372,U1517,C,5,F,4,0,28.68,37.879
372,U1517,C,5,F,4,10,28.78,36.3
372,U1517,C,5,F,4,20,28.88,38.548
372,U1517,C,5,F,4,30,28.98,34.735
372,U1517,C,5,F,4,40,29.08,33.014
372,U1517,C,5,F,4,50,29.18,39.304
372,U1517,C,6,F,1,0,29.3,35.437
372,U1517,C,6,F,1,10,29.4,32.835
372,U1517,C,6,F,1,20,29.5,32.281
372,U1517,C,6,F,1,30,29.6,33.401
372,U1517,C,6,F,1,40,29.7,32.67
372,U1517,C,6,F,1,50,29.8,35.547
372,U1517,C,6,F,1,60,29.9,37.574
372,U1517,C,6,F,1,70,30,36.174
372,U1517,C,6,F,1,80,30.1,27.481
372,U1517,C,6,F,1,90,30.2,29.584
372,U1517,C,6,F,1,100,30.3,37.755
372,U1517,C,6,F,1,110,30.4,37.059
372,U1517,C,6,F,1,120,30.5,30.269
372,U1517,C,6,F,1,130,30.6,31.579
372,U1517,C,6,F,1,140,30.7,36.78
372,U1517,C,6,F,1,150,30.8,35.578
372,U1517,C,6,F,2,0,30.8,29.043
372,U1517,C,6,F,2,10,30.9,34.062
372,U1517,C,6,F,2,20,31,39.565
372,U1517,C,6,F,2,30,31.1,39.078
372,U1517,C,6,F,2,40,31.2,32.59
372,U1517,C,6,F,2,50,31.3,35.527
372,U1517,C,6,F,2,60,31.4,34.367
372,U1517,C,6,F,2,70,31.5,32.367
372,U1517,C,6,F,2,80,31.6,29.798
372,U1517,C,6,F,2,90,31.7,26.868
372,U1517,C,6,F,2,100,31.8,29.472
372,U1517,C,6,F,2,110,31.9,33.226
372,U1517,C,6,F,2,120,32,31.217
372,U1517,C,6,F,3,0,32.1,24.872
372,U1517,C,6,F,3,10,32.2,25.828
372,U1517,C,6,F,3,20,32.3,28.638
372,U1517,C,6,F,3,30,32.4,32.138
372,U1517,C,6,F,3,40,32.5,31.7
372,U1517,C,6,F,3,50,32.6,28.717
372,U1517,C,6,F,3,60,32.7,32.067
372,U1517,C,6,F,3,70,32.8,35.524
372,U1517,C,6,F,3,80,32.9,36.254
372,U1517,C,6,F,3,90,33,31.727
372,U1517,C,6,F,3,100,33.1,30.314
372,U1517,C,6,F,4,0,33.1,30.954
372,U1517,C,6,F,4,10,33.2,33.177
372,U1517,C,6,F,4,20,33.3,34.378
372,U1517,C,6,F,4,30,33.4,32.131
372,U1517,C,6,F,4,40,33.5,32.773
372,U1517,C,6,F,4,50,33.6,34.269
372,U1517,C,6,F,4,60,33.7,36.153
372,U1517,C,7,F,1,0,34,38.395
372,U1517,C,7,F,1,10,34.1,39.812
372,U1517,C,7,F,1,20,34.2,40.345
372,U1517,C,7,F,1,30,34.3,37.898
372,U1517,C,7,F,1,40,34.4,33.74
372,U1517,C,7,F,1,50,34.5,29.697
372,U1517,C,7,F,1,60,34.6,34.814
372,U1517,C,7,F,1,70,34.7,36.047
372,U1517,C,7,F,1,80,34.8,33.491
372,U1517,C,7,F,1,90,34.9,31.271
372,U1517,C,7,F,1,100,35,40.319
372,U1517,C,7,F,1,110,35.1,41.037
372,U1517,C,7,F,1,120,35.2,39.484
372,U1517,C,7,F,2,0,35.25,45.117
372,U1517,C,7,F,2,10,35.35,42.407
372,U1517,C,7,F,2,20,35.45,38.521
372,U1517,C,7,F,2,30,35.55,35.431
372,U1517,C,7,F,2,40,35.65,39.67
372,U1517,C,7,F,2,50,35.75,42.637
372,U1517,C,7,F,2,60,35.85,38.387
372,U1517,C,7,F,2,70,35.95,32.047
372,U1517,C,7,F,2,80,36.05,35.788
372,U1517,C,7,F,2,90,36.15,40.998
372,U1517,C,7,F,2,100,36.25,39.052
372,U1517,C,7,F,2,110,36.35,35.839
372,U1517,C,7,F,2,120,36.45,36.725
372,U1517,C,7,F,2,130,36.55,35.523
372,U1517,C,7,F,3,0,36.69,37.865
372,U1517,C,7,F,3,10,36.79,37.581
372,U1517,C,7,F,3,20,36.89,37.865
372,U1517,C,7,F,3,30,36.99,40.985
372,U1517,C,7,F,3,40,37.09,38.833
372,U1517,C,7,F,3,50,37.19,40.05
372,U1517,C,7,F,3,60,37.29,44.337
372,U1517,C,7,F,3,70,37.39,41.91
372,U1517,C,7,F,3,80,37.49,41.818
372,U1517,C,7,F,3,90,37.59,43.428
372,U1517,C,7,F,3,100,37.69,43.232
372,U1517,C,7,F,3,110,37.79,43.059
372,U1517,C,7,F,3,120,37.89,42.089
372,U1517,C,7,F,3,130,37.99,40.518
372,U1517,C,7,F,3,140,38.09,35.084
372,U1517,C,7,F,4,0,38.09,42.479
372,U1517,C,7,F,4,10,38.19,38.592
372,U1517,C,7,F,4,20,38.29,32.065
372,U1517,C,7,F,4,30,38.39,34.155
372,U1517,C,7,F,4,40,38.49,35.673
372,U1517,C,7,F,4,50,38.59,34.423
372,U1517,C,7,F,4,60,38.69,38.377
372,U1517,C,7,F,4,70,38.79,42.427
372,U1517,C,7,F,4,80,38.89,44.848
372,U1517,C,8,F,1,0,38.7,26.885
372,U1517,C,8,F,1,10,38.8,24.528
372,U1517,C,8,F,1,20,38.9,21.688
372,U1517,C,8,F,1,30,39,20.918
372,U1517,C,8,F,1,40,39.1,20.563
372,U1517,C,8,F,1,50,39.2,20.96
372,U1517,C,8,F,1,60,39.3,26.267
372,U1517,C,8,F,1,70,39.4,35.564
372,U1517,C,8,F,1,80,39.5,39.511
372,U1517,C,8,F,1,90,39.6,40.458
372,U1517,C,8,F,1,100,39.7,40.135
372,U1517,C,8,F,1,110,39.8,39.625
372,U1517,C,8,F,1,120,39.9,38.411
372,U1517,C,8,F,1,130,40,40.264
372,U1517,C,8,F,2,0,40.05,43.874
372,U1517,C,8,F,2,10,40.15,42.795
372,U1517,C,8,F,2,20,40.25,41.145
372,U1517,C,8,F,2,30,40.35,40.345
372,U1517,C,8,F,2,40,40.45,37.703
372,U1517,C,8,F,2,50,40.55,35.523
372,U1517,C,8,F,2,60,40.65,39.76
372,U1517,C,8,F,2,70,40.75,41.967
372,U1517,C,8,F,2,80,40.85,40.034
372,U1517,C,8,F,2,90,40.95,37.501
372,U1517,C,8,F,2,100,41.05,39.159
372,U1517,C,8,F,2,110,41.15,39.682
372,U1517,C,8,F,2,120,41.25,40.948
372,U1517,C,8,F,2,130,41.35,43.848
372,U1517,C,8,F,3,0,41.5,39.986
372,U1517,C,8,F,3,10,41.6,41.275
372,U1517,C,8,F,3,20,41.7,41.011
372,U1517,C,8,F,3,30,41.8,42.218
372,U1517,C,8,F,3,40,41.9,42.017
372,U1517,C,8,F,3,50,42,42.057
372,U1517,C,8,F,3,60,42.1,42.58
372,U1517,C,8,F,3,70,42.2,40.864
372,U1517,C,8,F,3,80,42.3,42.714
372,U1517,C,8,F,3,90,42.4,41.768
372,U1517,C,8,F,3,100,42.5,38.332
372,U1517,C,8,F,3,110,42.6,41.195
372,U1517,C,8,F,3,120,42.7,43.166
372,U1517,C,8,F,4,0,42.75,46.381
372,U1517,C,8,F,4,10,42.85,44.44
372,U1517,C,8,F,4,20,42.95,41.641
372,U1517,C,8,F,4,30,43.05,37.358
372,U1517,C,8,F,4,40,43.15,37.223
372,U1517,C,8,F,4,50,43.25,41.143
372,U1517,C,8,F,4,60,43.35,41.647
372,U1517,C,8,F,4,70,43.45,44.969
372,U1517,C,8,F,4,80,43.55,44.278
372,U1517,C,9,F,1,0,43.4,32.444
372,U1517,C,9,F,1,10,43.5,34.704
372,U1517,C,9,F,1,20,43.6,39.565
372,U1517,C,9,F,1,30,43.7,43.968
372,U1517,C,9,F,1,40,43.8,44.383
372,U1517,C,9,F,1,50,43.9,44.02
372,U1517,C,9,F,1,60,44,45.31
372,U1517,C,9,F,1,70,44.1,45.027
372,U1517,C,9,F,1,80,44.2,46.488
372,U1517,C,9,F,1,90,44.3,45.744
372,U1517,C,9,F,1,100,44.4,45.725
372,U1517,C,9,F,1,110,44.5,45.459
372,U1517,C,9,F,1,120,44.6,45.453
372,U1517,C,9,F,2,0,44.69,38.366
372,U1517,C,9,F,2,10,44.79,41.297
372,U1517,C,9,F,2,20,44.89,42.241
372,U1517,C,9,F,2,30,44.99,41.835
372,U1517,C,9,F,2,40,45.09,41.1
372,U1517,C,9,F,2,50,45.19,41.433
372,U1517,C,9,F,2,60,45.29,42.75
372,U1517,C,9,F,2,70,45.39,42.914
372,U1517,C,9,F,2,80,45.49,41.064
372,U1517,C,9,F,2,90,45.59,41.691
372,U1517,C,9,F,2,100,45.69,41.575
372,U1517,C,9,F,2,110,45.79,44.002
372,U1517,C,9,F,2,120,45.89,44.069
372,U1517,C,9,F,2,130,45.99,46.822
372,U1517,C,9,F,2,140,46.09,45.279
372,U1517,C,9,F,3,0,46.09,44.303
372,U1517,C,9,F,3,10,46.19,43.562
372,U1517,C,9,F,3,20,46.29,42.781
372,U1517,C,9,F,3,30,46.39,43.398
372,U1517,C,9,F,3,40,46.49,42.517
372,U1517,C,9,F,3,50,46.59,42.58
372,U1517,C,9,F,3,60,46.69,43.164
372,U1517,C,9,F,3,70,46.79,43.633
372,U1517,C,9,F,4,0,47.06,44.993
372,U1517,C,9,F,4,10,47.16,43.076
372,U1517,C,9,F,4,20,47.26,38.915
372,U1517,C,9,F,4,30,47.36,39.225
372,U1517,C,9,F,4,40,47.46,42.233
372,U1517,C,9,F,4,50,47.56,42.45
372,U1517,C,9,F,4,60,47.66,44.811
372,U1517,C,10,F,1,0,48.1,45.168
372,U1517,C,10,F,1,10,48.2,42.958
372,U1517,C,10,F,1,20,48.3,45.655
372,U1517,C,10,F,1,30,48.4,45.571
372,U1517,C,10,F,1,40,48.5,44.053
372,U1517,C,10,F,1,50,48.6,44.06
372,U1517,C,10,F,1,60,48.7,44.084
372,U1517,C,10,F,1,70,48.8,44.497
372,U1517,C,10,F,1,80,48.9,45.814
372,U1517,C,10,F,1,90,49,45.953
372,U1517,C,10,F,1,100,49.1,46.003
372,U1517,C,10,F,2,0,49.29,44.942
372,U1517,C,10,F,2,10,49.39,42.844
372,U1517,C,10,F,2,20,49.49,43.015
372,U1517,C,10,F,2,30,49.59,42.281
372,U1517,C,10,F,2,40,49.69,39.25
372,U1517,C,10,F,2,50,49.79,38.433
372,U1517,C,10,F,2,60,49.89,41.434
372,U1517,C,10,F,2,70,49.99,38.327
372,U1517,C,10,F,2,80,50.09,37.528
372,U1517,C,10,F,2,90,50.19,42.368
372,U1517,C,10,F,2,100,50.29,45.232
372,U1517,C,10,F,2,110,50.39,44.922
372,U1517,C,10,F,2,120,50.49,45.103
372,U1517,C,10,F,2,130,50.59,40.812
372,U1517,C,10,F,3,0,50.61,46.781
372,U1517,C,10,F,3,10,50.71,45.401
372,U1517,C,10,F,3,20,50.81,44.585
372,U1517,C,10,F,3,30,50.91,44.128
372,U1517,C,10,F,3,40,51.01,43.11
372,U1517,C,10,F,3,50,51.11,42.78
372,U1517,C,10,F,3,60,51.21,43.574
372,U1517,C,10,F,3,70,51.31,42.1
372,U1517,C,10,F,3,80,51.41,42.091
372,U1517,C,10,F,3,90,51.51,42.348
372,U1517,C,10,F,3,100,51.61,44.165
372,U1517,C,10,F,3,110,51.71,45.154
372,U1517,C,10,F,3,120,51.81,44.212
372,U1517,C,10,F,4,0,51.86,47.951
372,U1517,C,10,F,4,10,51.96,45.322
372,U1517,C,10,F,4,20,52.06,45.075
372,U1517,C,10,F,4,30,52.16,46.181
372,U1517,C,10,F,4,40,52.26,43.693
372,U1517,C,10,F,4,50,52.36,43.15
372,U1517,C,10,F,4,60,52.46,44.067
372,U1517,C,10,F,4,70,52.56,43.097
372,U1517,C,11,F,1,0,52.8,34.057
372,U1517,C,11,F,1,10,52.9,31.178
372,U1517,C,11,F,1,20,53,32.251
372,U1517,C,11,F,1,30,53.1,33.298
372,U1517,C,11,F,1,40,53.2,34.823
372,U1517,C,11,F,1,50,53.3,34.173
372,U1517,C,11,F,1,60,53.4,35.484
372,U1517,C,11,F,1,70,53.5,38.254
372,U1517,C,11,F,1,80,53.6,40.271
372,U1517,C,11,F,1,90,53.7,44.194
372,U1517,C,11,F,1,100,53.8,44.879
372,U1517,C,11,F,1,110,53.9,42.532
372,U1517,C,11,F,1,120,54,42.49
372,U1517,C,11,F,1,130,54.1,39.28
372,U1517,C,11,F,2,0,54.1,41.919
372,U1517,C,11,F,2,10,54.2,40.613
372,U1517,C,11,F,2,20,54.3,41.478
372,U1517,C,11,F,2,30,54.4,43.365
372,U1517,C,11,F,2,40,54.5,41.91
372,U1517,C,11,F,2,50,54.6,42.433
372,U1517,C,11,F,2,60,54.7,43.04
372,U1517,C,11,F,2,70,54.8,42.224
372,U1517,C,11,F,2,80,54.9,42.028
372,U1517,C,11,F,2,90,55,41.758
372,U1517,C,11,F,2,100,55.1,41.928
372,U1517,C,11,F,2,110,55.2,35.982
372,U1517,C,11,F,3,0,55.2,46.308
372,U1517,C,11,F,3,10,55.3,44.961
372,U1517,C,11,F,3,20,55.4,42.201
372,U1517,C,11,F,3,30,55.5,39.668
372,U1517,C,11,F,3,40,55.6,38.267
372,U1517,C,11,F,3,50,55.7,43.333
372,U1517,C,11,F,3,60,55.8,45.07
372,U1517,C,11,F,4,0,55.96,46.541
372,U1517,C,11,F,4,10,56.06,46.123
372,U1517,C,11,F,4,20,56.16,46.001
372,U1517,C,11,F,4,30,56.26,43.331
372,U1517,C,11,F,4,40,56.36,40.127
372,U1517,C,11,F,4,50,56.46,35.547
372,U1517,C,11,F,4,60,56.56,34.367
372,U1517,C,11,F,4,70,56.66,38.307
372,U1517,C,11,F,4,80,56.76,42.111
372,U1517,C,11,F,4,90,56.86,44.761
372,U1517,C,11,F,4,100,56.96,46.715
372,U1517,C,11,F,4,110,57.06,50.041
372,U1517,C,11,F,4,120,57.16,44.76
372,U1517,C,12,F,1,0,57.5,32.916
372,U1517,C,12,F,1,10,57.6,33.382
372,U1517,C,12,F,1,20,57.7,36.368
372,U1517,C,12,F,1,30,57.8,37.168
372,U1517,C,12,F,1,40,57.9,37.693
372,U1517,C,12,F,1,50,58,38.373
372,U1517,C,12,F,1,60,58.1,37.8
372,U1517,C,12,F,1,70,58.2,42.227
372,U1517,C,12,F,1,80,58.3,44.158
372,U1517,C,12,F,1,90,58.4,45.194
372,U1517,C,12,F,1,100,58.5,45.499
372,U1517,C,12,F,1,110,58.6,46.94
372,U1517,C,12,F,1,120,58.7,42.013
372,U1517,C,12,F,2,0,58.7,46.643
372,U1517,C,12,F,2,10,58.8,45.249
372,U1517,C,12,F,2,20,58.9,44.591
372,U1517,C,12,F,2,30,59,44.295
372,U1517,C,12,F,2,40,59.1,42.603
372,U1517,C,12,F,2,50,59.2,42.11
372,U1517,C,12,F,2,60,59.3,44.137
372,U1517,C,12,F,2,70,59.4,43.78
372,U1517,C,12,F,2,80,59.5,42.078
372,U1517,C,12,F,2,90,59.6,42.287
372,U1517,C,12,F,2,100,59.7,40.16
372,U1517,C,12,F,3,0,59.8,42.399
372,U1517,C,12,F,3,10,59.9,43.555
372,U1517,C,12,F,3,20,60,43.678
372,U1517,C,12,F,3,30,60.1,41.398
372,U1517,C,12,F,3,40,60.2,31.93
372,U1517,C,12,F,3,50,60.3,33.917
372,U1517,C,12,F,3,60,60.4,38.77
372,U1517,C,12,F,3,70,60.5,40.26
372,U1517,C,12,F,3,80,60.6,43.064
372,U1517,C,12,F,3,90,60.7,41.133
372,U1517,C,12,F,4,0,60.72,47.515
372,U1517,C,12,F,4,10,60.82,46.074
372,U1517,C,12,F,4,20,60.92,45.305
372,U1517,C,12,F,4,30,61.02,44.225
372,U1517,C,12,F,4,40,61.12,45.27
372,U1517,C,12,F,4,50,61.22,45.193
372,U1517,C,12,F,4,60,61.32,46.389
372,U1517,C,13,F,1,0,62.2,39.783
372,U1517,C,13,F,1,10,62.3,38.121
372,U1517,C,13,F,1,20,62.4,39.941
372,U1517,C,13,F,1,30,62.5,43.628
372,U1517,C,13,F,1,40,62.6,44.187
372,U1517,C,13,F,1,50,62.7,43.81
372,U1517,C,13,F,1,60,62.8,44.81
372,U1517,C,13,F,1,70,62.9,40.197
372,U1517,C,13,F,1,80,63,32.661
372,U1517,C,13,F,1,90,63.1,32.698
372,U1517,C,13,F,1,100,63.2,43.509
372,U1517,C,13,F,1,110,63.3,47.292
372,U1517,C,13,F,1,120,63.4,47.602
372,U1517,C,13,F,1,130,63.5,47.145
372,U1517,C,13,F,1,140,63.6,43.629
372,U1517,C,13,F,1,150,63.7,41.807
372,U1517,C,13,F,2,0,63.7,46.977
372,U1517,C,13,F,2,10,63.8,45.656
372,U1517,C,13,F,2,20,63.9,46.358
372,U1517,C,13,F,2,30,64,45.148
372,U1517,C,13,F,2,40,64.1,45.207
372,U1517,C,13,F,2,50,64.2,41.733
372,U1517,C,13,F,2,60,64.3,39.29
372,U1517,C,13,F,2,70,64.4,41.004
372,U1517,C,13,F,2,80,64.5,42.368
372,U1517,C,13,F,2,90,64.6,45.201
372,U1517,C,13,F,2,100,64.7,46.785
372,U1517,C,13,F,2,110,64.8,47.219
372,U1517,C,13,F,2,120,64.9,47.364
372,U1517,C,13,F,2,130,65,48.368
372,U1517,C,14,F,1,0,66.9,40.488
372,U1517,C,14,F,1,10,67,40.116
372,U1517,C,14,F,1,20,67.1,41.178
372,U1517,C,14,F,1,30,67.2,41.848
372,U1517,C,14,F,1,40,67.3,38.42
372,U1517,C,14,F,1,50,67.4,32.85
372,U1517,C,14,F,1,60,67.5,35.37
372,U1517,C,14,F,1,70,67.6,37.667
372,U1517,C,14,F,1,80,67.7,39.474
372,U1517,C,14,F,1,90,67.8,41.061
372,U1517,C,14,F,1,100,67.9,41.279
372,U1517,C,14,F,1,110,68,39.202
372,U1517,C,14,F,1,120,68.1,38.902
372,U1517,C,14,F,1,130,68.2,39.056
372,U1517,C,14,F,1,140,68.3,35.813
372,U1517,C,14,F,2,0,68.35,43.809
372,U1517,C,14,F,2,10,68.45,41.875
372,U1517,C,14,F,2,20,68.55,41.775
372,U1517,C,14,F,2,30,68.65,42.351
372,U1517,C,14,F,2,40,68.75,39.98
372,U1517,C,14,F,2,50,68.85,34.137
372,U1517,C,14,F,2,60,68.95,34.627
372,U1517,C,14,F,2,70,69.05,39.777
372,U1517,C,14,F,2,80,69.15,40.471
372,U1517,C,14,F,2,90,69.25,38.55
372,U1517,C,14,F,2,100,69.35,35.403
372,U1517,C,14,F,3,0,69.48,35.852
372,U1517,C,14,F,3,10,69.58,40.921
372,U1517,C,14,F,3,20,69.68,41.658
372,U1517,C,14,F,3,30,69.78,41.958
372,U1517,C,14,F,3,40,69.88,39.04
372,U1517,C,14,F,3,50,69.98,34.753
372,U1517,C,14,F,3,60,70.08,35.827
372,U1517,C,14,F,3,70,70.18,35.447
372,U1517,C,14,F,3,80,70.28,40.161
372,U1517,C,14,F,3,90,70.38,42.744
372,U1517,C,14,F,3,100,70.48,44.422
372,U1517,C,14,F,3,110,70.58,45.153
372,U1517,C,14,F,4,0,70.67,48.467
372,U1517,C,14,F,4,10,70.77,45.557
372,U1517,C,14,F,4,20,70.87,43.141
372,U1517,C,14,F,4,30,70.97,41.858
372,U1517,C,14,F,4,40,71.07,39.549
372,U1517,C,14,F,4,50,71.17,37.521
372,U1517,C,15,H,2,0,72.13,45.654
372,U1517,C,15,H,2,10,72.23,42.525
372,U1517,C,15,H,2,20,72.33,40.901
372,U1517,C,15,H,2,30,72.43,35.798
372,U1517,C,15,H,2,40,72.53,39.073
372,U1517,C,15,H,2,50,72.63,40.677
372,U1517,C,15,H,2,60,72.73,39.574
372,U1517,C,15,H,2,70,72.83,42.3
372,U1517,C,15,H,2,80,72.93,43.611
372,U1517,C,15,H,2,90,73.03,42.844
372,U1517,C,15,H,2,100,73.13,44.422
372,U1517,C,15,H,2,110,73.23,43.235
372,U1517,C,15,H,2,120,73.33,41.357
372,U1517,C,15,H,3,0,73.46,36.884
372,U1517,C,15,H,3,10,73.56,39.28
372,U1517,C,15,H,3,20,73.66,40.078
372,U1517,C,15,H,3,30,73.76,39.875
372,U1517,C,15,H,3,40,73.86,40.383
372,U1517,C,15,H,3,50,73.96,42.297
372,U1517,C,15,H,3,60,74.06,44.34
372,U1517,C,15,H,3,70,74.16,44.69
372,U1517,C,15,H,3,80,74.26,45.528
372,U1517,C,15,H,3,90,74.36,45.154
372,U1517,C,15,H,3,100,74.46,45.732
372,U1517,C,15,H,3,110,74.56,46.522
372,U1517,C,15,H,3,120,74.66,45.829
372,U1517,C,15,H,3,130,74.76,45.799
372,U1517,C,15,H,3,140,74.86,42.704
372,U1517,C,15,H,4,0,74.99,44.979
372,U1517,C,15,H,4,10,75.09,45.109
372,U1517,C,15,H,4,20,75.19,44.778
372,U1517,C,15,H,4,30,75.29,46.425
372,U1517,C,15,H,4,40,75.39,44.677
372,U1517,C,15,H,4,50,75.49,43.57
372,U1517,C,15,H,4,60,75.59,42.617
372,U1517,C,15,H,4,70,75.69,44.524
372,U1517,C,15,H,4,80,75.79,44.242
372,U1517,C,15,H,4,90,75.89,42.652
372,U1517,C,15,H,5,0,76.06,43.663
372,U1517,C,15,H,5,10,76.16,44.565
372,U1517,C,15,H,5,20,76.26,44.195
372,U1517,C,15,H,5,30,76.36,44.458
372,U1517,C,15,H,5,40,76.46,43.95
372,U1517,C,15,H,5,50,76.56,44.02
372,U1517,C,15,H,5,60,76.66,45.04
372,U1517,C,15,H,5,70,76.76,44.374
372,U1517,C,15,H,5,80,76.86,45.224
372,U1517,C,15,H,5,90,76.96,45.021
372,U1517,C,15,H,5,100,77.06,46.275
372,U1517,C,15,H,5,110,77.16,45.849
372,U1517,C,15,H,5,120,77.26,44.207
372,U1517,C,15,H,5,130,77.36,40.984
372,U1517,C,15,H,6,0,77.49,41.164
372,U1517,C,15,H,6,10,77.59,41.446
372,U1517,C,15,H,6,20,77.69,42.481
372,U1517,C,15,H,6,30,77.79,42.701
372,U1517,C,15,H,6,40,77.89,41.103
372,U1517,C,15,H,6,50,77.99,40.84
372,U1517,C,15,H,6,60,78.09,41.277
372,U1517,C,15,H,6,70,78.19,41.184
372,U1517,C,15,H,6,80,78.29,40.758
372,U1517,C,15,H,7,0,78.46,38.526
372,U1517,C,15,H,7,10,78.56,39.933
372,U1517,C,15,H,7,20,78.66,37.885
372,U1517,C,15,H,7,30,78.76,37.878
372,U1517,C,15,H,7,40,78.86,36.317
372,U1517,C,15,H,7,50,78.96,37.117
372,U1517,C,15,H,7,60,79.06,37.77
372,U1517,C,15,H,7,70,79.16,39.707
372,U1517,C,15,H,7,80,79.26,40.601
372,U1517,C,15,H,7,90,79.36,40.848
372,U1517,C,15,H,7,100,79.46,40.119
372,U1517,C,15,H,7,110,79.56,40.228
372,U1517,C,15,H,7,120,79.66,38.249
372,U1517,C,16,H,2,0,81.82,45.153
372,U1517,C,16,H,2,10,81.92,43.923
372,U1517,C,16,H,2,20,82.02,42.945
372,U1517,C,16,H,2,30,82.12,43.395
372,U1517,C,16,H,2,40,82.22,42.25
372,U1517,C,16,H,2,50,82.32,40.83
372,U1517,C,16,H,2,60,82.42,42.153
372,U1517,C,16,H,2,70,82.52,41.983
372,U1517,C,16,H,3,0,82.59,35.764
372,U1517,C,16,H,3,10,82.69,41.951
372,U1517,C,16,H,3,20,82.79,42.831
372,U1517,C,16,H,3,30,82.89,38.395
372,U1517,C,16,H,3,40,82.99,30.25
372,U1517,C,16,H,3,50,83.09,32.787
372,U1517,C,16,H,3,60,83.19,37.674
372,U1517,C,16,H,3,70,83.29,43.39
372,U1517,C,16,H,3,80,83.39,43.735
372,U1517,C,16,H,3,90,83.49,42.996
372,U1517,C,16,H,4,0,83.53,42.261
372,U1517,C,16,H,4,10,83.63,43.467
372,U1517,C,16,H,4,20,83.73,42.068
372,U1517,C,16,H,4,30,83.83,38.538
372,U1517,C,16,H,4,40,83.93,38.383
372,U1517,C,16,H,4,50,84.03,32.587
372,U1517,C,16,H,4,60,84.13,32.407
372,U1517,C,16,H,4,70,84.23,41.477
372,U1517,C,16,H,4,80,84.33,43.398
372,U1517,C,16,H,4,90,84.43,43.319
372,U1517,C,16,H,4,100,84.53,43.886
372,U1517,C,16,H,5,0,84.68,42.69
372,U1517,C,16,H,5,10,84.78,41.32
372,U1517,C,16,H,5,20,84.88,40.271
372,U1517,C,16,H,5,30,84.98,34.248
372,U1517,C,16,H,5,40,85.08,37.65
372,U1517,C,16,H,5,50,85.18,39.28
372,U1517,C,16,H,5,60,85.28,41.417
372,U1517,C,16,H,5,70,85.38,42.879
372,U1517,C,16,H,5,80,85.48,39.097
372,U1517,C,16,H,6,0,85.57,42.857
372,U1517,C,16,H,6,10,85.67,41.993
372,U1517,C,16,H,6,20,85.77,41.515
372,U1517,C,16,H,6,30,85.87,40.395
372,U1517,C,16,H,6,40,85.97,41.287
372,U1517,C,16,H,6,50,86.07,42.793
372,U1517,C,16,H,6,60,86.17,42.967
372,U1517,C,16,H,6,70,86.27,42.734
372,U1517,C,16,H,6,80,86.37,42.388
372,U1517,C,16,H,6,90,86.47,43.284
372,U1517,C,16,H,6,100,86.57,42.959
372,U1517,C,16,H,6,110,86.67,43.342
372,U1517,C,16,H,6,120,86.77,43.179
372,U1517,C,16,H,6,130,86.87,42.992
372,U1517,C,16,H,6,140,86.97,40.567
372,U1517,C,16,H,7,0,86.99,39.376
372,U1517,C,16,H,7,10,87.09,39.861
372,U1517,C,16,H,7,20,87.19,41.551
372,U1517,C,16,H,7,30,87.29,40.905
372,U1517,C,16,H,7,40,87.39,39.62
372,U1517,C,16,H,7,50,87.49,39.577
372,U1517,C,16,H,7,60,87.59,40.114
372,U1517,C,16,H,7,70,87.69,41.097
372,U1517,C,16,H,7,80,87.79,41.398
372,U1517,C,16,H,7,90,87.89,41.121
372,U1517,C,16,H,7,100,87.99,42.405
372,U1517,C,16,H,7,110,88.09,41.085
372,U1517,C,16,H,7,120,88.19,38.662
372,U1517,C,16,H,7,130,88.29,37.361
372,U1517,C,16,H,7,140,88.39,35.192
372,U1517,C,16,H,8,0,88.45,38.729
372,U1517,C,16,H,8,10,88.55,38.93
372,U1517,C,16,H,8,20,88.65,39.888
372,U1517,C,16,H,8,30,88.75,41.245
372,U1517,C,16,H,8,40,88.85,39
372,U1517,C,16,H,8,50,88.95,38.253
372,U1517,C,16,H,8,60,89.05,36.78
372,U1517,C,16,H,8,70,89.15,36.377
372,U1517,C,16,H,8,80,89.25,39.788
372,U1517,C,16,H,8,90,89.35,39.888
372,U1517,C,16,H,8,100,89.45,39.675
372,U1517,C,16,H,8,110,89.55,39.765
372,U1517,C,16,H,8,120,89.65,42.965
372,U1517,C,16,H,8,130,89.75,43.045
372,U1517,C,16,H,9,0,89.85,38.875
372,U1517,C,16,H,9,10,89.95,39.648
372,U1517,C,16,H,9,20,90.05,40.631
372,U1517,C,16,H,9,30,90.15,40.365
372,U1517,C,16,H,9,40,90.25,35.9
372,U1517,C,16,H,9,50,90.35,31.323
372,U1517,C,16,H,9,60,90.45,35.614
372,U1517,C,16,H,9,70,90.55,38.177
372,U1517,C,16,H,9,80,90.65,39.354
372,U1517,C,16,H,9,90,90.75,38.518
372,U1517,C,16,H,9,100,90.85,37.409
372,U1517,C,16,H,9,110,90.95,39.884
372,U1517,C,16,H,9,120,91.05,39.588
372,U1517,C,17,H,1,0,90.6,35.074
372,U1517,C,17,H,1,10,90.7,26.949
372,U1517,C,17,H,1,20,90.8,26.398
372,U1517,C,17,H,1,30,90.9,31.348
372,U1517,C,17,H,1,40,91,35.43
372,U1517,C,17,H,1,50,91.1,39.637
372,U1517,C,17,H,1,60,91.2,42.597
372,U1517,C,17,H,1,70,91.3,41.44
372,U1517,C,17,H,1,80,91.4,40.334
372,U1517,C,17,H,1,90,91.5,36.498
372,U1517,C,17,H,1,100,91.6,37.525
372,U1517,C,17,H,1,110,91.7,39.649
372,U1517,C,17,H,1,120,91.8,40.435
372,U1517,C,17,H,1,130,91.9,41.382
372,U1517,C,17,H,1,140,92,41.613
372,U1517,C,17,H,2,0,92.04,41.12
372,U1517,C,17,H,2,10,92.14,41.351
372,U1517,C,17,H,2,20,92.24,42.318
372,U1517,C,17,H,2,30,92.34,42.521
372,U1517,C,17,H,2,40,92.44,41.32
372,U1517,C,17,H,2,50,92.54,41.767
372,U1517,C,17,H,2,60,92.64,42.124
372,U1517,C,17,H,2,70,92.74,42.95
372,U1517,C,17,H,2,80,92.84,41.081
372,U1517,C,17,H,2,90,92.94,40.545
372,U1517,C,17,H,2,100,93.04,41.448
372,U1517,C,17,H,3,0,93.19,41.345
372,U1517,C,17,H,3,10,93.29,41.533
372,U1517,C,17,H,3,20,93.39,41.705
372,U1517,C,17,H,3,30,93.49,42.678
372,U1517,C,17,H,3,40,93.59,41.507
372,U1517,C,17,H,3,50,93.69,39.927
372,U1517,C,17,H,3,60,93.79,41.54
372,U1517,C,17,H,3,70,93.89,42.87
372,U1517,C,17,H,3,80,93.99,42.164
372,U1517,C,17,H,3,90,94.09,43.438
372,U1517,C,17,H,3,100,94.19,43.665
372,U1517,C,17,H,3,110,94.29,42.889
372,U1517,C,17,H,3,120,94.39,42.025
372,U1517,C,17,H,3,130,94.49,40.932
372,U1517,C,17,H,3,140,94.59,36.846
372,U1517,C,17,H,3,150,94.69,32.795
372,U1517,C,17,H,4,0,94.72,42.086
372,U1517,C,17,H,4,10,94.82,41.012
372,U1517,C,17,H,4,20,94.92,41.268
372,U1517,C,17,H,4,30,95.02,42.475
372,U1517,C,17,H,4,40,95.12,41.943
372,U1517,C,17,H,4,50,95.22,43
372,U1517,C,17,H,4,60,95.32,42.68
372,U1517,C,17,H,4,70,95.42,41.217
372,U1517,C,17,H,4,80,95.52,39.574
372,U1517,C,17,H,4,90,95.62,38.482
372,U1517,C,17,H,5,0,95.68,41.185
372,U1517,C,17,H,5,10,95.78,40.317
372,U1517,C,17,H,5,20,95.88,40.988
372,U1517,C,17,H,5,30,95.98,43.078
372,U1517,C,17,H,5,40,96.08,42.097
372,U1517,C,17,H,5,50,96.18,41.71
372,U1517,C,17,H,5,60,96.28,41.45
372,U1517,C,17,H,5,70,96.38,41.782
372,U1517,C,17,H,5,80,96.48,38.604
372,U1517,C,17,H,6,0,96.64,43.983
372,U1517,C,17,H,6,10,96.74,43.741
372,U1517,C,17,H,6,20,96.84,41.498
372,U1517,C,17,H,6,30,96.94,40.458
372,U1517,C,17,H,6,40,97.04,39.88
372,U1517,C,17,H,6,50,97.14,38.347
372,U1517,C,17,H,6,60,97.24,37.464
372,U1517,C,17,H,6,70,97.34,39.19
372,U1517,C,17,H,6,80,97.44,41.28
372,U1517,C,17,H,6,90,97.54,40.103
372,U1517,C,17,H,7,0,97.61,41.723
372,U1517,C,17,H,7,10,97.71,38.805
372,U1517,C,17,H,7,20,97.81,39.601
372,U1517,C,17,H,7,30,97.91,41.651
372,U1517,C,17,H,7,40,98.01,40.61
372,U1517,C,17,H,7,50,98.11,40.17
372,U1517,C,17,H,7,60,98.21,39.96
372,U1517,C,17,H,7,70,98.31,38.644
372,U1517,C,17,H,7,80,98.41,38.133
372,U1517,C,17,H,7,90,98.51,34.988
372,U1517,C,17,H,8,0,98.53,43.089
372,U1517,C,17,H,8,10,98.63,41.856
372,U1517,C,17,H,8,20,98.73,41.365
372,U1517,C,17,H,8,30,98.83,41.885
372,U1517,C,17,H,8,40,98.93,40.55
372,U1517,C,17,H,8,50,99.03,42.217
372,U1517,C,17,H,8,60,99.13,41.832
372,U1517,C,17,H,8,70,99.23,36.919
372,U1517,C,18,H,2,0,100.16,35.939
372,U1517,C,18,H,2,10,100.26,37.095
372,U1517,C,18,H,2,20,100.36,39.508
372,U1517,C,18,H,2,30,100.46,38.048
372,U1517,C,18,H,2,40,100.56,32.923
372,U1517,C,18,H,2,50,100.66,31.12
372,U1517,C,18,H,2,60,100.76,28.214
372,U1517,C,18,H,2,70,100.86,33.934
372,U1517,C,18,H,2,80,100.96,35.831
372,U1517,C,18,H,2,90,101.06,35.138
372,U1517,C,18,H,2,100,101.16,34.652
372,U1517,C,18,H,2,110,101.26,31.569
372,U1517,C,18,H,2,120,101.36,37.612
372,U1517,C,18,H,2,130,101.46,38.584
372,U1517,C,18,H,2,140,101.56,34.12
372,U1517,C,18,H,3,0,101.57,38.678
372,U1517,C,18,H,3,10,101.67,39.242
372,U1517,C,18,H,3,20,101.77,37.888
372,U1517,C,18,H,3,30,101.87,37.635
372,U1517,C,18,H,3,40,101.97,35.21
372,U1517,C,18,H,3,50,102.07,32.697
372,U1517,C,18,H,3,60,102.17,31.334
372,U1517,C,18,H,3,70,102.27,29.21
372,U1517,C,18,H,3,80,102.37,33.534
372,U1517,C,18,H,3,90,102.47,35.398
372,U1517,C,18,H,3,100,102.57,36.285
372,U1517,C,18,H,3,110,102.67,34.259
372,U1517,C,18,H,3,120,102.77,33.363
372,U1517,C,18,H,3,130,102.87,33.813
372,U1517,C,18,H,4,0,102.99,35.815
372,U1517,C,18,H,4,10,103.09,36.403
372,U1517,C,18,H,4,20,103.19,35.775
372,U1517,C,18,H,4,30,103.29,33.618
372,U1517,C,18,H,4,40,103.39,32.003
372,U1517,C,18,H,4,50,103.49,35.163
372,U1517,C,18,H,4,60,103.59,37.327
372,U1517,C,18,H,4,70,103.69,37.724
372,U1517,C,18,H,4,80,103.79,38.971
372,U1517,C,18,H,4,90,103.89,38.608
372,U1517,C,18,H,4,100,103.99,37.142
372,U1517,C,18,H,4,110,104.09,36.272
372,U1517,C,18,H,4,120,104.19,35.569
372,U1517,C,18,H,4,130,104.29,36.736
372,U1517,C,18,H,4,140,104.39,34.27
372,U1517,C,18,H,5,0,104.49,36.76
372,U1517,C,18,H,5,10,104.59,35.985
372,U1517,C,18,H,5,20,104.69,38.871
372,U1517,C,18,H,5,30,104.79,40.041
372,U1517,C,18,H,5,40,104.89,39.197
372,U1517,C,18,H,5,50,104.99,38.79
372,U1517,C,18,H,5,60,105.09,39.28
372,U1517,C,18,H,5,70,105.19,37.359
372,U1517,C,18,H,6,0,105.26,41.171
372,U1517,C,18,H,6,10,105.36,36.623
372,U1517,C,18,H,6,20,105.46,33.785
372,U1517,C,18,H,6,30,105.56,32.355
372,U1517,C,18,H,6,40,105.66,25.153
372,U1517,C,18,H,6,50,105.76,29.29
372,U1517,C,18,H,6,60,105.86,34.57
372,U1517,C,18,H,6,70,105.96,38.402
372,U1517,C,18,H,7,0,106.11,32.582
372,U1517,C,18,H,7,10,106.21,28.085
372,U1517,C,18,H,7,20,106.31,34.438
372,U1517,C,18,H,7,30,106.41,41.435
372,U1517,C,18,H,7,40,106.51,41.863
372,U1517,C,18,H,7,50,106.61,41.88
372,U1517,C,18,H,7,60,106.71,43.654
372,U1517,C,18,H,7,70,106.81,43.277
372,U1517,C,18,H,7,80,106.91,43.288
372,U1517,C,18,H,7,90,107.01,42.222
372,U1517,C,18,H,7,100,107.11,43.011
372,U1517,C,18,H,8,0,107.26,40.277
372,U1517,C,18,H,8,10,107.36,41.278
372,U1517,C,18,H,8,20,107.46,42.085
372,U1517,C,18,H,8,30,107.56,42.398
372,U1517,C,18,H,8,40,107.66,41.737
372,U1517,C,18,H,8,50,107.76,42.51
372,U1517,C,18,H,8,60,107.86,42.43
372,U1517,C,18,H,8,70,107.96,42.34
372,U1517,C,18,H,8,80,108.06,40.918
372,U1517,C,18,H,8,90,108.16,37.853
372,U1517,C,18,H,8,100,108.26,33.743
372,U1517,C,19,F,1,0,108.3,42.413
372,U1517,C,19,F,1,10,108.4,42.559
372,U1517,C,19,F,1,20,108.5,42.288
372,U1517,C,19,F,1,30,108.6,39.985
372,U1517,C,19,F,1,40,108.7,33.683
372,U1517,C,19,F,1,50,108.8,22.703
372,U1517,C,19,F,1,60,108.9,31.724
372,U1517,C,19,F,1,70,109,39.774
372,U1517,C,19,F,1,80,109.1,37.784
372,U1517,C,19,F,1,90,109.2,38.914
372,U1517,C,19,F,1,100,109.3,38.809
372,U1517,C,19,F,1,110,109.4,38.619
372,U1517,C,19,F,1,120,109.5,36.538
372,U1517,C,19,F,2,0,109.57,39.805
372,U1517,C,19,F,2,10,109.67,38.409
372,U1517,C,19,F,2,20,109.77,35.515
372,U1517,C,19,F,2,30,109.87,31.798
372,U1517,C,19,F,2,40,109.97,25.36
372,U1517,C,19,F,2,50,110.07,26.937
372,U1517,C,19,F,2,60,110.17,31.904
372,U1517,C,19,F,2,70,110.27,36.094
372,U1517,C,19,F,2,80,110.37,38.501
372,U1517,C,19,F,2,90,110.47,37.028
372,U1517,C,19,F,2,100,110.57,36.355
372,U1517,C,19,F,2,110,110.67,36.635
372,U1517,C,19,F,2,120,110.77,37.744
372,U1517,C,19,F,2,130,110.87,35.364
372,U1517,C,19,F,3,0,110.96,34.238
372,U1517,C,19,F,3,10,111.06,35.48
372,U1517,C,19,F,3,20,111.16,38.308
372,U1517,C,19,F,3,30,111.26,38.005
372,U1517,C,19,F,3,40,111.36,36.487
372,U1517,C,19,F,3,50,111.46,35.38
372,U1517,C,19,F,3,60,111.56,31.03
372,U1517,C,19,F,3,70,111.66,21.39
372,U1517,C,19,F,3,80,111.76,23.228
372,U1517,C,19,F,3,90,111.86,30.846
372,U1517,C,19,F,3,100,111.96,35.427
372,U1517,C,20,F,2,0,113.59,43.097
372,U1517,C,20,F,2,10,113.69,43.22
372,U1517,C,20,F,2,20,113.79,42.375
372,U1517,C,20,F,2,30,113.89,42.235
372,U1517,C,20,F,2,40,113.99,41.07
372,U1517,C,20,F,2,50,114.09,40.77
372,U1517,C,20,F,2,60,114.19,36.627
372,U1517,C,20,F,2,70,114.29,39.104
372,U1517,C,20,F,2,80,114.39,36.861
372,U1517,C,20,F,2,90,114.49,32.688
372,U1517,C,20,F,2,100,114.59,41.749
372,U1517,C,20,F,2,110,114.69,43.832
372,U1517,C,20,F,2,120,114.79,42.068
372,U1517,C,20,F,3,0,114.93,40.924
372,U1517,C,20,F,3,10,115.03,40.484
372,U1517,C,20,F,3,20,115.13,39.705
372,U1517,C,20,F,3,30,115.23,42.891
372,U1517,C,20,F,3,40,115.33,42.75
372,U1517,C,20,F,3,50,115.43,40.237
372,U1517,C,20,F,3,60,115.53,34.927
372,U1517,C,20,F,3,70,115.63,39.29
372,U1517,C,20,F,3,80,115.73,35.961
372,U1517,C,20,F,3,90,115.83,37.961
372,U1517,C,20,F,3,100,115.93,42.899
372,U1517,C,20,F,3,110,116.03,42.845
372,U1517,C,20,F,3,120,116.13,40.989
372,U1517,C,20,F,3,130,116.23,41.08
372,U1517,C,20,F,3,140,116.33,33.398
372,U1517,C,20,F,4,0,116.33,41.069
372,U1517,C,20,F,4,10,116.43,39.139
372,U1517,C,20,F,4,20,116.53,37.428
372,U1517,C,20,F,4,30,116.63,37.695
372,U1517,C,20,F,4,40,116.73,38.22
372,U1517,C,20,F,4,50,116.83,37.383
372,U1517,C,20,F,4,60,116.93,39.427
372,U1517,C,20,F,4,70,117.03,39.084
372,U1517,C,20,F,4,80,117.13,39.711
372,U1517,C,20,F,4,90,117.23,39.862
372,U1517,C,20,F,4,100,117.33,37.418
372,U1517,C,20,F,5,0,117.34,40.306
372,U1517,C,20,F,5,10,117.44,41.024
372,U1517,C,20,F,5,20,117.54,41.378
372,U1517,C,20,F,5,30,117.64,36.718
372,U1517,C,20,F,5,40,117.74,32.566
372,U1517,C,20,F,5,50,117.84,37.811
372,U1517,C,21,F,1,0,117.7,39.572
372,U1517,C,21,F,1,10,117.8,38.033
372,U1517,C,21,F,1,20,117.9,37.978
372,U1517,C,21,F,1,30,118,38.661
372,U1517,C,21,F,1,40,118.1,37.582
372,U1517,C,21,F,1,50,118.2,39.663
372,U1517,C,21,F,2,0,118.28,42.53
372,U1517,C,21,F,2,10,118.38,40.218
372,U1517,C,21,F,2,20,118.48,39.635
372,U1517,C,21,F,2,30,118.58,35.385
372,U1517,C,21,F,2,40,118.68,36.18
372,U1517,C,21,F,2,50,118.78,41.38
372,U1517,C,21,F,2,60,118.88,42.274
372,U1517,C,21,F,2,70,118.98,42.05
372,U1517,C,21,F,2,80,119.08,40.311
372,U1517,C,21,F,2,90,119.18,37.714
372,U1517,C,21,F,2,100,119.28,37.805
372,U1517,C,21,F,2,110,119.38,39.085
372,U1517,C,21,F,2,120,119.48,40.328
372,U1517,C,21,F,2,130,119.58,41.628
372,U1517,C,21,F,3,0,119.68,36.389
372,U1517,C,21,F,3,10,119.78,34.72
372,U1517,C,21,F,3,20,119.88,34.405
372,U1517,C,21,F,3,30,119.98,39.785
372,U1517,C,21,F,3,40,120.08,37.49
372,U1517,C,21,F,3,50,120.18,37.907
372,U1517,C,21,F,3,60,120.28,38.587
372,U1517,C,21,F,3,70,120.38,39.424
372,U1517,C,21,F,3,80,120.48,40.058
372,U1517,C,21,F,3,90,120.58,40.064
372,U1517,C,21,F,3,100,120.68,40.599
372,U1517,C,21,F,3,110,120.78,40.592
372,U1517,C,21,F,3,120,120.88,39.542
372,U1517,C,21,F,3,130,120.98,38.237
372,U1517,C,21,F,3,140,121.08,35.881
372,U1517,C,21,F,4,0,121.18,39.26
372,U1517,C,21,F,4,10,121.28,35.312
372,U1517,C,21,F,4,20,121.38,29.571
372,U1517,C,21,F,4,30,121.48,30.251
372,U1517,C,21,F,4,40,121.58,34.817
372,U1517,C,21,F,4,50,121.68,36.587
372,U1517,C,21,F,4,60,121.78,38.74
372,U1517,C,21,F,4,70,121.88,39.505
372,U1517,C,21,F,4,80,121.98,41.77
372,U1517,C,22,F,1,0,122.4,39.95
372,U1517,C,22,F,1,10,122.5,40.632
372,U1517,C,22,F,1,20,122.6,39.598
372,U1517,C,22,F,1,30,122.7,39.735
372,U1517,C,22,F,1,40,122.8,38.503
372,U1517,C,22,F,1,50,122.9,37.343
372,U1517,C,22,F,1,60,123,37.889
372,U1517,C,22,F,2,0,123.32,41.258
372,U1517,C,22,F,2,10,123.42,41.054
372,U1517,C,22,F,2,20,123.52,37.675
372,U1517,C,22,F,2,30,123.62,36.095
372,U1517,C,22,F,2,40,123.72,31.137
372,U1517,C,22,F,2,50,123.82,27.253
372,U1517,C,22,F,2,60,123.92,32.794
372,U1517,C,22,F,2,70,124.02,36.324
372,U1517,C,22,F,2,80,124.12,38.128
372,U1517,C,22,F,2,90,124.22,39.669
372,U1517,C,22,F,2,100,124.32,40.617
372,U1517,C,22,F,3,0,124.37,39.289
372,U1517,C,22,F,3,10,124.47,39.895
372,U1517,C,22,F,3,20,124.57,37.671
372,U1517,C,22,F,3,30,124.67,32.371
372,U1517,C,22,F,3,40,124.77,29.973
372,U1517,C,22,F,3,50,124.87,35.967
372,U1517,C,22,F,3,60,124.97,40.344
372,U1517,C,22,F,3,70,125.07,41.534
372,U1517,C,22,F,3,80,125.17,41.024
372,U1517,C,22,F,3,90,125.27,40.694
372,U1517,C,22,F,3,100,125.37,42.059
372,U1517,C,22,F,3,110,125.47,40.659
372,U1517,C,22,F,3,120,125.57,40.503
372,U1517,C,22,F,3,130,125.67,39.87
372,U1517,C,22,F,4,0,125.78,41.716
372,U1517,C,22,F,4,10,125.88,40.564
372,U1517,C,22,F,4,20,125.98,40.465
372,U1517,C,22,F,4,30,126.08,40.285
372,U1517,C,22,F,4,40,126.18,38.08
372,U1517,C,22,F,4,50,126.28,36.777
372,U1517,C,22,F,4,60,126.38,33.507
372,U1517,C,22,F,4,70,126.48,31.544
372,U1517,C,22,F,4,80,126.58,30.474
372,U1517,C,22,F,4,90,126.68,32.214
372,U1517,C,22,F,4,100,126.78,31.815
372,U1517,C,22,F,4,110,126.88,35.729
372,U1517,C,22,F,4,120,126.98,43.372
372,U1517,C,22,F,4,130,127.08,45.581
372,U1517,C,23,F,1,0,127.1,33.207
372,U1517,C,23,F,1,10,127.2,34.598
372,U1517,C,23,F,1,20,127.3,37.488
372,U1517,C,23,F,1,30,127.4,39.701
372,U1517,C,23,F,1,40,127.5,38.287
372,U1517,C,23,F,1,50,127.6,36.922
372,U1517,C,23,F,1,60,127.7,37.922
372,U1517,C,23,F,2,0,127.98,37.77
372,U1517,C,23,F,2,10,128.08,38.026
372,U1517,C,23,F,2,20,128.18,36.405
372,U1517,C,23,F,2,30,128.28,37.425
372,U1517,C,23,F,2,40,128.38,36.017
372,U1517,C,23,F,2,50,128.48,35.91
372,U1517,C,23,F,2,60,128.58,37.413
372,U1517,C,23,F,2,70,128.68,38.07
372,U1517,C,23,F,3,0,128.72,40.749
372,U1517,C,23,F,3,10,128.82,40.233
372,U1517,C,23,F,3,20,128.92,39.861
372,U1517,C,23,F,3,30,129.02,39.621
372,U1517,C,23,F,3,40,129.12,38.737
372,U1517,C,23,F,3,50,129.22,37.88
372,U1517,C,23,F,3,60,129.32,38.612
372,U1517,C,23,F,3,70,129.42,37.287
372,U1517,C,23,F,4,0,129.53,39.209
372,U1517,C,23,F,4,10,129.63,39.268
372,U1517,C,23,F,4,20,129.73,39.428
372,U1517,C,23,F,4,30,129.83,39.031
372,U1517,C,23,F,4,40,129.93,37.49
372,U1517,C,23,F,4,50,130.03,38.383
372,U1517,C,23,F,4,60,130.13,40.849
372,U1517,C,23,F,4,70,130.23,41.71
372,U1517,C,23,F,5,0,130.36,35.205
372,U1517,C,23,F,5,10,130.46,35.681
372,U1517,C,23,F,5,20,130.56,31.851
372,U1517,C,23,F,5,30,130.66,24.675
372,U1517,C,23,F,5,40,130.76,34.08
372,U1517,C,23,F,5,50,130.86,35.67
372,U1517,C,23,F,5,60,130.96,39.547
372,U1517,C,23,F,5,70,131.06,41.248
372,U1517,C,23,F,5,80,131.16,42.899
372,U1517,C,24,F,1,0,131.8,47.762
372,U1517,C,24,F,1,10,131.9,44.558
372,U1517,C,24,F,1,20,132,40.835
372,U1517,C,24,F,1,30,132.1,37.508
372,U1517,C,24,F,1,40,132.2,30.883
372,U1517,C,24,F,1,50,132.3,36.113
372,U1517,C,24,F,1,60,132.4,31.964
372,U1517,C,24,F,1,70,132.5,32.11
372,U1517,C,24,F,1,80,132.6,37.114
372,U1517,C,24,F,1,90,132.7,39.834
372,U1517,C,24,F,1,100,132.8,36.902
372,U1517,C,24,F,2,0,132.92,31.862
372,U1517,C,24,F,2,10,133.02,36.183
372,U1517,C,24,F,2,20,133.12,35.011
372,U1517,C,24,F,2,30,133.22,28.021
372,U1517,C,24,F,2,40,133.32,33.351
372,U1517,C,24,F,2,50,133.42,39.396
372,U1517,C,24,F,3,0,133.57,37.32
372,U1517,C,24,F,3,10,133.67,35.761
372,U1517,C,24,F,3,20,133.77,39.651
372,U1517,C,24,F,3,30,133.87,40.288
372,U1517,C,24,F,3,40,133.97,33.85
372,U1517,C,24,F,3,50,134.07,39.183
372,U1517,C,24,F,3,60,134.17,40.644
372,U1517,C,24,F,3,70,134.27,39.537
372,U1517,C,24,F,3,80,134.37,39.16
372,U1517,C,24,F,3,90,134.47,36.364
372,U1517,C,24,F,4,0,134.47,37.668
372,U1517,C,24,F,4,10,134.57,33.435
372,U1517,C,24,F,4,20,134.67,36.765
372,U1517,C,24,F,4,30,134.77,41.215
372,U1517,C,24,F,4,40,134.87,36.75
372,U1517,C,24,F,4,50,134.97,34.14
372,U1517,C,24,F,4,60,135.07,35.317
372,U1517,C,24,F,4,70,135.17,32.603
372,U1517,C,24,F,4,80,135.27,32.844
372,U1517,C,24,F,5,0,135.6,40.662
372,U1517,C,24,F,5,10,135.7,41.358
372,U1517,C,24,F,5,20,135.8,40.851
372,U1517,C,24,F,5,30,135.9,36.211
372,U1517,C,24,F,5,40,136,18.183
372,U1517,C,24,F,5,50,136.1,20.633
372,U1517,C,24,F,5,60,136.2,36.217
372,U1517,C,24,F,5,70,136.3,42.393
372,U1517,C,24,F,5,80,136.4,42.047
372,U1517,C,25,F,1,0,136.5,37.022
372,U1517,C,25,F,1,10,136.6,38.337
372,U1517,C,25,F,1,20,136.7,38.248
372,U1517,C,25,F,1,30,136.8,38.931
372,U1517,C,25,F,1,40,136.9,37.373
372,U1517,C,25,F,1,50,137,38.144
372,U1517,C,25,F,1,60,137.1,56.161
372,U1517,C,25,F,2,0,137.45,44.15
372,U1517,C,25,F,2,10,137.55,41.571
372,U1517,C,25,F,2,20,137.65,41.691
372,U1517,C,25,F,2,30,137.75,43.245
372,U1517,C,25,F,2,40,137.85,36.393
372,U1517,C,25,F,2,50,137.95,33.507
372,U1517,C,25,F,2,60,138.05,43.1
372,U1517,C,25,F,2,70,138.15,47.045
372,U1517,C,25,F,4,0,138.74,40.866
372,U1517,C,25,F,4,10,138.84,39.793
372,U1517,C,25,F,4,20,138.94,42.858
372,U1517,C,25,F,4,30,139.04,43.951
372,U1517,C,25,F,4,40,139.14,43.603
372,U1517,C,25,F,4,50,139.24,40.15
372,U1517,C,25,F,4,60,139.34,41.11
372,U1517,C,25,F,4,70,139.44,38.604
372,U1517,C,25,F,4,80,139.54,36.541
372,U1517,C,25,F,4,90,139.64,37.554
372,U1517,C,25,F,4,100,139.74,40.596
372,U1517,C,26,F,1,0,141.2,41.469
372,U1517,C,26,F,1,10,141.3,40.853
372,U1517,C,26,F,1,20,141.4,27.181
372,U1517,C,26,F,1,30,141.5,8.148
372,U1517,C,26,F,1,40,141.6,5.81
372,U1517,C,26,F,1,50,141.7,7.687
372,U1517,C,26,F,1,60,141.8,18.76
372,U1517,C,26,F,1,70,141.9,30.417
372,U1517,C,26,F,1,80,142,36.464
372,U1517,C,26,F,1,90,142.1,36.714
372,U1517,C,26,F,1,100,142.2,38.565
372,U1517,C,26,F,2,0,142.38,38.511
372,U1517,C,26,F,2,10,142.48,38.934
372,U1517,C,26,F,2,20,142.58,42.135
372,U1517,C,26,F,2,30,142.68,44.115
372,U1517,C,26,F,2,40,142.78,42.72
372,U1517,C,26,F,2,50,142.88,40.817
372,U1517,C,26,F,2,60,142.98,39.8
372,U1517,C,26,F,2,70,143.08,40.297
372,U1517,C,26,F,2,80,143.18,43.358
372,U1517,C,26,F,2,90,143.28,46.008
372,U1517,C,26,F,2,100,143.38,44.237
372,U1517,C,26,F,3,0,143.52,40.56
372,U1517,C,26,F,3,10,143.62,37.923
372,U1517,C,26,F,3,20,143.72,32.365
372,U1517,C,26,F,3,30,143.82,34.085
372,U1517,C,26,F,3,40,143.92,39.834
372,U1517,C,26,F,3,50,144.02,43.848
372,U1517,C,26,F,4,0,144.19,40.313
372,U1517,C,26,F,4,10,144.29,39.112
372,U1517,C,26,F,4,20,144.39,34.208
372,U1517,C,26,F,4,30,144.49,29.215
372,U1517,C,26,F,4,40,144.59,22.167
372,U1517,C,26,F,4,50,144.69,25.62
372,U1517,C,26,F,4,60,144.79,30.099
372,U1517,C,27,F,1,0,145.9,35.895
372,U1517,C,27,F,1,10,146,30.053
372,U1517,C,27,F,1,20,146.1,37.378
372,U1517,C,27,F,1,30,146.2,38.068
372,U1517,C,27,F,1,40,146.3,32.785
372,U1517,C,27,F,1,50,146.4,31.288
372,U1517,C,27,F,2,0,146.58,40.466
372,U1517,C,27,F,2,10,146.68,40.773
372,U1517,C,27,F,2,20,146.78,41.311
372,U1517,C,27,F,2,30,146.88,41.205
372,U1517,C,27,F,2,40,146.98,41.646
372,U1517,C,27,F,2,50,147.08,43.54
372,U1517,C,27,F,3,0,147.17,42.181
372,U1517,C,27,F,3,10,147.27,41.613
372,U1517,C,27,F,3,20,147.37,33.745
372,U1517,C,27,F,3,30,147.47,30.495
372,U1517,C,27,F,3,40,147.57,38.916
372,U1517,C,27,F,3,50,147.67,34.51
372,U1517,C,27,F,4,0,147.76,46.657
372,U1517,C,27,F,4,10,147.86,43.353
372,U1517,C,27,F,4,20,147.96,43.268
372,U1517,C,27,F,4,30,148.06,41.201
372,U1517,C,27,F,4,40,148.16,42.446
372,U1517,C,27,F,4,50,148.26,41.445
372,U1517,C,27,F,5,0,148.41,43.525
372,U1517,C,27,F,5,10,148.51,43.908
372,U1517,C,27,F,5,20,148.61,43.135
372,U1517,C,27,F,5,30,148.71,36.071
372,U1517,C,27,F,5,40,148.81,25.017
372,U1517,C,27,F,5,50,148.91,25.57
372,U1517,C,27,F,5,60,149.01,38.33
372,U1517,C,27,F,5,70,149.11,41.994
372,U1517,C,27,F,5,80,149.21,38.094
372,U1517,C,27,F,5,90,149.31,35.751
372,U1517,C,27,F,5,100,149.41,39.575
372,U1517,C,27,F,5,110,149.51,41.375
372,U1517,C,27,F,5,120,149.61,42.631
372,U1517,C,28,F,2,0,150.48,45.138
372,U1517,C,28,F,2,10,150.58,41.719
372,U1517,C,28,F,2,20,150.68,41.351
372,U1517,C,28,F,2,30,150.78,40.758
372,U1517,C,28,F,2,40,150.88,38.933
372,U1517,C,28,F,2,50,150.98,29.893
372,U1517,C,28,F,2,60,151.08,29.497
372,U1517,C,28,F,2,70,151.18,40.89
372,U1517,C,28,F,2,80,151.28,42.128
372,U1517,C,28,F,2,90,151.38,41.991
372,U1517,C,28,F,2,100,151.48,41.739
372,U1517,C,28,F,2,110,151.58,42.479
372,U1517,C,28,F,2,120,151.68,43.331
372,U1517,C,28,F,3,0,151.87,40.553
372,U1517,C,28,F,3,10,151.97,40.416
372,U1517,C,28,F,3,20,152.07,42.575
372,U1517,C,28,F,3,30,152.17,42.638
372,U1517,C,28,F,3,40,152.27,36.92
372,U1517,C,28,F,3,50,152.37,36.203
372,U1517,C,28,F,3,60,152.47,41.23
372,U1517,C,28,F,3,70,152.57,41.734
372,U1517,C,28,F,3,80,152.67,41.111
372,U1517,C,28,F,3,90,152.77,40.388
372,U1517,C,28,F,3,100,152.87,39.065
372,U1517,C,28,F,3,110,152.97,35.921
372,U1517,C,28,F,3,120,153.07,36.994
372,U1517,C,28,F,4,0,153.26,42.195
372,U1517,C,28,F,4,10,153.36,39.705
372,U1517,C,28,F,4,20,153.46,38.388
372,U1517,C,28,F,4,30,153.56,29.708
372,U1517,C,28,F,4,40,153.66,28.493
372,U1517,C,28,F,4,50,153.76,34.15
372,U1517,C,28,F,4,60,153.86,34.624
372,U1517,C,28,F,4,70,153.96,28.36
372,U1517,C,28,F,4,80,154.06,30.238
372,U1517,C,28,F,4,90,154.16,35.498
372,U1517,C,28,F,4,100,154.26,34.765
372,U1517,C,28,F,4,110,154.36,39.386
372,U1517,C,28,F,4,120,154.46,40.636
372,U1517,C,29,F,2,0,155.36,39.463
372,U1517,C,29,F,2,10,155.46,37.459
372,U1517,C,29,F,2,20,155.56,37.708
372,U1517,C,29,F,2,30,155.66,29.431
372,U1517,C,29,F,2,40,155.76,16.177
372,U1517,C,29,F,2,50,155.86,18.203
372,U1517,C,29,F,2,60,155.96,24.24
372,U1517,C,29,F,2,70,156.06,30.567
372,U1517,C,29,F,2,80,156.16,39.018
372,U1517,C,29,F,2,90,156.26,29.848
372,U1517,C,29,F,2,100,156.36,25.819
372,U1517,C,29,F,2,110,156.46,38.652
372,U1517,C,29,F,2,120,156.56,40.339
372,U1517,C,29,F,2,130,156.66,41.662
372,U1517,C,29,F,2,140,156.76,39.32
372,U1517,C,29,F,3,0,156.78,45.742
372,U1517,C,29,F,3,10,156.88,42.992
372,U1517,C,29,F,3,20,156.98,40.318
372,U1517,C,29,F,3,30,157.08,37.068
372,U1517,C,29,F,3,40,157.18,34.547
372,U1517,C,29,F,3,50,157.28,32.223
372,U1517,C,29,F,3,60,157.38,35.297
372,U1517,C,29,F,3,70,157.48,33.384
372,U1517,C,29,F,3,80,157.58,36.631
372,U1517,C,29,F,3,90,157.68,35.834
372,U1517,C,29,F,3,100,157.78,37.032
372,U1517,C,29,F,3,110,157.88,43.346
372,U1517,C,29,F,3,120,157.98,46.994
372,U1517,C,29,F,4,0,158.02,40.226
372,U1517,C,29,F,4,10,158.12,42.133
372,U1517,C,29,F,4,20,158.22,40.985
372,U1517,C,29,F,4,30,158.32,40.628
372,U1517,C,29,F,4,40,158.42,38.786
372,U1517,C,29,F,4,50,158.52,35.349
372,U1517,C,29,F,5,0,158.55,43.169
372,U1517,C,29,F,5,10,158.65,40.287
372,U1517,C,29,F,5,20,158.75,40.365
372,U1517,C,29,F,5,30,158.85,41.451
372,U1517,C,29,F,5,40,158.95,36.448
372,U1517,C,29,F,5,50,159.05,31.893
372,U1517,C,30,F,1,0,159.3,43.424
372,U1517,C,30,F,1,10,159.4,40.473
372,U1517,C,30,F,1,20,159.5,42.065
372,U1517,C,30,F,1,30,159.6,41.118
372,U1517,C,30,F,1,40,159.7,33.163
372,U1517,C,30,F,1,50,159.8,29.83
372,U1517,C,31,F,2,0,160.72,39.18
372,U1517,C,31,F,2,10,160.82,38.371
372,U1517,C,31,F,2,20,160.92,36.598
372,U1517,C,31,F,2,30,161.02,24.131
372,U1517,C,31,F,2,40,161.12,8.323
372,U1517,C,31,F,2,50,161.22,13.12
372,U1517,C,31,F,2,60,161.32,24.794
372,U1517,C,31,F,2,70,161.42,32.095
372,U1517,C,31,F,2,80,161.52,40.213
372,U1517,C,31,F,3,0,161.7,37.327
372,U1517,C,31,F,3,10,161.8,37.71
372,U1517,C,31,F,3,20,161.9,33.248
372,U1517,C,31,F,3,30,162,28.168
372,U1517,C,31,F,3,40,162.1,32.35
372,U1517,C,31,F,3,50,162.2,40.998
372,U1517,C,31,F,3,60,162.3,40.65
372,U1517,C,31,F,4,0,162.4,39.202
372,U1517,C,31,F,4,10,162.5,40.119
372,U1517,C,31,F,4,20,162.6,35.251
372,U1517,C,31,F,4,30,162.7,24.685
372,U1517,C,31,F,4,40,162.8,23.813
372,U1517,C,31,F,4,50,162.9,24.557
372,U1517,C,31,F,4,60,163,24.23
372,U1517,C,31,F,4,70,163.1,30.361
372,U1517,C,31,F,4,80,163.2,39.288
372,U1517,C,32,F,2,0,165.46,42.341
372,U1517,C,32,F,2,10,165.56,41.016
372,U1517,C,32,F,2,20,165.66,37.741
372,U1517,C,32,F,2,30,165.76,34.321
372,U1517,C,32,F,2,40,165.86,33.053
372,U1517,C,32,F,2,50,165.96,31.028
372,U1517,C,32,F,2,60,166.06,31.025
372,U1517,C,33,F,1,0,169.7,30.678
372,U1517,C,33,F,1,10,169.8,36.331
372,U1517,C,33,F,1,20,169.9,36.715
372,U1517,C,33,F,1,30,170,38.371
372,U1517,C,33,F,1,40,170.1,40.447
372,U1517,C,33,F,1,50,170.2,39.767
372,U1517,C,33,F,1,60,170.3,36.815
372,U1517,C,33,F,1,70,170.4,36.024
372,U1517,C,33,F,2,0,170.47,37.705
372,U1517,C,33,F,2,10,170.57,33.986
372,U1517,C,33,F,2,20,170.67,35.135
372,U1517,C,33,F,2,30,170.77,39.428
372,U1517,C,33,F,2,40,170.87,36.417
372,U1517,C,33,F,2,50,170.97,30.74
372,U1517,C,33,F,3,0,171.08,42.886
372,U1517,C,33,F,3,10,171.18,40.712
372,U1517,C,33,F,3,20,171.28,38.951
372,U1517,C,33,F,3,30,171.38,36.598
372,U1517,C,33,F,3,40,171.48,28.767
372,U1517,C,33,F,3,50,171.58,36.043
372,U1517,C,33,F,3,60,171.68,36.567
372,U1517,C,33,F,3,70,171.78,35.387
372,U1517,C,33,F,3,80,171.88,37.554
372,U1517,C,33,F,3,90,171.98,41.081
372,U1517,C,33,F,3,100,172.08,44.511
372,U1517,C,33,F,4,0,172.14,45.327
372,U1517,C,33,F,4,10,172.24,42.95
372,U1517,C,33,F,4,20,172.34,38.965
372,U1517,C,33,F,4,30,172.44,36.345
372,U1517,C,33,F,4,40,172.54,34.333
372,U1517,C,33,F,4,50,172.64,38.973
372,U1517,C,33,F,4,60,172.74,43.449
372,U1517,C,33,F,4,70,172.84,43.574
372,U1517,C,35,F,2,0,179.44,46.41
372,U1517,C,35,F,2,10,179.54,42.468
372,U1517,C,35,F,2,20,179.64,39.705
372,U1517,C,35,F,2,30,179.74,40.725
372,U1517,C,35,F,2,40,179.84,40.707
372,U1517,C,35,F,2,50,179.94,38.246
372,U1517,C,35,F,2,60,180.04,33.382
372,U1517,C,35,F,3,0,180.06,45.981
372,U1517,C,35,F,3,10,180.16,45.485
372,U1517,C,35,F,3,20,180.26,42.995
372,U1517,C,35,F,3,30,180.36,40.958
372,U1517,C,35,F,3,40,180.46,38.397
372,U1517,C,35,F,3,50,180.56,37.85
372,U1517,C,35,F,3,60,180.66,37.204
372,U1517,C,35,F,3,70,180.76,37.27
372,U1517,C,35,F,3,80,180.86,36.418
372,U1517,C,35,F,3,90,180.96,35.761
372,U1517,C,35,F,3,100,181.06,39.194
372,U1517,C,35,F,3,110,181.16,41.295
372,U1517,C,35,F,4,0,181.32,35.198
372,U1517,C,35,F,4,10,181.42,35.97
372,U1517,C,35,F,4,20,181.52,38.058
372,U1517,C,35,F,4,30,181.62,35.081
372,U1517,C,35,F,4,40,181.72,32.417
372,U1517,C,35,F,4,50,181.82,37.62
372,U1517,C,35,F,4,60,181.92,42.504
372,U1517,C,35,F,4,70,182.02,41.254
372,U1517,C,35,F,4,80,182.12,38.288
372,U1517,C,35,F,4,90,182.22,30.038
372,U1517,C,35,F,4,100,182.32,30.742
372,U1517,C,35,F,4,110,182.42,39.493
372,U1517,C,35,F,4,120,182.52,44.567
372,U1517,C,36,F,1,0,183.8,31.55
372,U1517,C,36,F,1,10,183.9,31.391
372,U1517,C,36,F,1,20,184,33.098
372,U1517,C,36,F,1,30,184.1,34.818
372,U1517,C,36,F,1,40,184.2,35.298
372,U1517,C,36,F,1,50,184.3,40.564
372,U1517,C,36,F,2,0,184.34,34.9
372,U1517,C,36,F,2,10,184.44,34.412
372,U1517,C,36,F,2,20,184.54,36.471
372,U1517,C,36,F,2,30,184.64,36.678
372,U1517,C,36,F,2,40,184.74,34.81
372,U1517,C,36,F,2,50,184.84,35.4
372,U1517,C,36,F,2,60,184.94,34.474
372,U1517,C,36,F,2,70,185.04,38.054
372,U1517,C,36,F,2,80,185.14,39.328
372,U1517,C,36,F,2,90,185.24,38.771
372,U1517,C,36,F,2,100,185.34,39.231
372,U1517,C,36,F,2,110,185.44,37.899
372,U1517,C,36,F,3,0,185.63,41.033
372,U1517,C,36,F,3,10,185.73,41.719
372,U1517,C,36,F,3,20,185.83,40.455
372,U1517,C,36,F,3,30,185.93,40.085
372,U1517,C,36,F,3,40,186.03,38.603
372,U1517,C,36,F,3,50,186.13,39.763
372,U1517,C,36,F,3,60,186.23,40.47
372,U1517,C,36,F,3,70,186.33,41.054
372,U1517,C,36,F,3,80,186.43,41.828
372,U1517,C,36,F,3,90,186.53,43.69
372,U1517,C,36,F,4,0,186.6,43.714
372,U1517,C,36,F,4,10,186.7,42.418
372,U1517,C,36,F,4,20,186.8,40.958
372,U1517,C,36,F,4,30,186.9,41.808
372,U1517,C,36,F,4,40,187,40.703
372,U1517,C,36,F,4,50,187.1,40.827
372,U1517,C,36,F,4,60,187.2,40.703
372,U1517,C,36,F,4,70,187.3,44.561